{
  "project_info": {
    "project_number": "666514622379",
    "firebase_url": "https://card-x.firebaseio.com",
    "project_id": "card-x",
    "storage_bucket": "card-x.appspot.com"
  },
  "client": [
    {
      "client_info": {
        "mobilesdk_app_id": "1:666514622379:android:269e15b0e1c926b802b4ee",
        "android_client_info": {
          "package_name": "com.example.cardx"
        }
      },
      "oauth_client": [
        {
          "client_id": "666514622379-nf44uusovt8ti0o90khed5hpotn5vqju.apps.googleusercontent.com",
          "client_type": 1,
          "android_info": {
            "package_name": "com.example.cardx",
            "certificate_hash": "7e044af46cb43abdcac1060cf570e5c3c6e7ffc9"
          }
        },
        {
          "client_id": "666514622379-7181qakag7vdd0ktgkbaib682pugg1on.apps.googleusercontent.com",
          "client_type": 3
        }
      ],
      "api_key": [
        {
          "current_key": "AIzaSyDgwyHW-giCb4069AbdJwD8QICAXyK1XDE"
        }
      ],
      "services": {
        "appinvite_service": {
          "other_platform_oauth_client": [
            {
              "client_id": "666514622379-7181qakag7vdd0ktgkbaib682pugg1on.apps.googleusercontent.com",
              "client_type": 3
            }
          ]
        }
      }
    }
  ],
  "configuration_version": "1"
}